10.50.182.185, 10.53.208.38, 54.210.74.253
186.141.168.251
181.168.252.228
190.177.97.99
10.50.10.3, 10.53.254.235, 35.172.59.120
181.169.121.193
186.136.15.60
186.18.73.218
186.141.197.124
190.55.138.68
181.13.69.184
181.46.141.129
201.182.190.203
181.229.60.67
200.114.250.176
181.46.141.165
181.16.94.220
190.190.62.6
45.236.100.131
170.51.140.69
186.23.1.159
168.197.248.4
181.228.232.167
45.236.32.126
179.43.110.199
177.54.151.213
186.122.26.229
181.46.139.74
18.213.114.129
170.51.164.182
10.50.160.58, 10.53.199.137, 35.174.37.8
201.217.246.77
170.51.188.138
45.4.216.54
131.100.88.78
181.177.53.90
181.117.224.185
201.231.68.140
181.166.61.133
201.255.180.178
186.141.134.200
168.121.56.18
190.135.187.68
152.171.201.41
190.172.173.163
190.247.158.54
190.221.92.247
190.231.31.170
201.231.216.218
181.46.140.71
10.50.254.137, 10.53.249.230, 54.210.74.253
181.13.74.255
181.170.186.130
179.63.240.200
181.46.140.41
181.13.68.165
152.169.119.215
179.60.198.2
201.250.64.210
181.16.127.98
181.9.176.227
10.50.25.175, 10.53.210.98, 54.210.74.253
170.51.148.161
10.16.179.10, 10.53.202.143, 35.172.59.120
181.169.245.145
66.102.8.239
181.13.74.71
181.209.93.108
181.169.121.14
181.46.138.45
10.50.160.253, 10.53.221.251, 35.174.37.8
190.231.20.253
190.7.58.138
186.137.187.225
45.70.220.63
170.51.84.153
54.88.218.97
190.228.234.91
186.123.213.28
181.114.140.87
18.215.140.160
190.244.195.56
190.123.90.204
186.141.197.56
10.50.119.113, 10.53.207.195, 35.172.59.120
190.178.24.32
181.165.23.157
138.59.169.52
170.51.136.94
181.230.63.232
181.23.141.86
190.190.51.96
190.244.127.113
186.23.33.235
10.50.157.24, 10.53.194.63, 35.172.59.120
200.49.7.53
191.97.28.102
200.32.35.223
45.70.221.62
10.16.177.174, 10.53.249.185, 35.174.37.8
181.230.170.184
152.168.231.248
181.13.70.123
177.54.151.195
160.238.206.98
216.33.196.25
54.164.66.248
100.24.28.8
186.12.60.24
190.247.247.135
186.183.2.65
18.206.34.84
181.231.214.24
186.130.57.193
181.46.133.17
186.18.157.5
10.50.41.191, 10.53.221.251, 35.174.37.8
181.46.136.36
201.231.178.248
10.50.160.253, 10.53.211.111, 35.172.59.120
10.50.182.185, 10.53.192.254, 35.172.59.120
10.50.25.175, 10.53.212.163, 35.174.37.8
24.232.130.15
10.50.222.188, 10.53.215.178, 35.172.59.120
186.23.72.187
181.13.67.108
186.143.163.181
181.9.123.106
190.245.184.15
131.100.91.121
45.71.197.12
131.221.67.30
190.5.179.184
201.176.209.133
10.50.119.113, 10.53.207.12, 35.174.37.8
181.209.77.187
181.209.83.234
201.255.188.223
181.46.138.37
181.170.192.218
168.181.27.253
190.19.247.13
170.51.168.35
186.136.51.61
10.16.177.60, 10.53.208.199, 35.172.59.120
170.51.188.79
186.141.133.22
181.9.123.153
201.212.245.105
181.44.130.232
179.40.66.47
186.111.152.136
190.137.237.83
186.12.52.30
181.45.129.151
181.44.231.74
186.141.229.228
181.230.95.139
186.143.133.140
10.50.49.185, 10.53.233.126, 35.174.37.8
100.24.5.134
10.50.182.185, 10.53.195.192, 35.174.37.8
10.50.149.33, 10.53.231.221, 35.172.59.120
181.44.193.97
10.50.242.171, 10.53.197.204, 54.210.74.253
186.96.197.100
10.50.185.114, 10.53.255.244, 54.210.74.253
181.46.160.19
186.18.13.16
179.39.20.37
191.97.31.13
190.210.106.192
201.253.194.235
181.13.64.15
181.229.27.36
186.12.28.99
190.122.47.9
181.9.175.36
152.169.68.33
181.97.179.7
190.17.208.29
170.51.132.43
186.18.105.84
170.51.84.43
186.130.90.207
181.229.182.175
190.55.150.207
170.51.136.46
190.193.177.9
181.84.71.236
181.44.187.51
152.168.53.130
181.164.210.11
181.46.137.47
201.251.11.140
10.50.60.127, 10.53.207.195, 54.210.74.253
181.230.59.249
10.50.95.254, 10.53.203.53, 54.210.74.253
190.92.110.130
10.50.160.253, 10.53.215.61, 35.174.37.8
200.55.25.251
10.50.49.185, 10.53.231.83, 54.210.74.253
170.233.28.42
10.50.149.33, 10.53.228.127, 54.210.74.253
181.117.228.34
181.44.223.211
190.138.10.166
10.16.176.165, 10.53.201.234, 35.172.59.120
181.192.13.83
200.126.164.60
181.44.208.61
201.180.45.213
181.239.169.187
181.13.68.42
181.44.34.81
181.228.193.5
181.228.204.35
190.110.182.225
181.13.236.22
201.212.97.53
138.219.232.204
190.92.102.252
24.232.152.234
190.122.151.230
10.50.160.58, 10.53.194.63, 35.172.59.120
181.44.185.100
186.141.135.141
201.231.24.5
45.7.209.189
190.114.236.42
170.51.136.108
190.55.5.35
89.187.178.216
138.59.0.135
186.12.128.97
131.0.131.107
181.84.243.238
181.9.133.123
45.174.62.166
132.255.201.233
191.97.99.61
190.195.149.228
186.12.48.4
181.44.184.1
10.50.208.156, 10.53.238.162, 54.210.74.253
181.44.188.108
186.183.34.48
10.50.254.137, 10.53.247.198, 54.210.74.253
190.194.3.107
190.17.22.16
181.46.57.177
34.227.17.38
10.50.10.3, 10.53.202.84, 18.214.34.95
152.169.175.160
10.50.182.185, 10.53.223.229, 54.210.74.253
38.125.100.11
10.50.10.3, 10.53.207.12, 18.214.34.95
186.12.82.32
190.15.220.227
66.128.34.217
181.228.111.208
181.44.60.74
186.111.144.204
10.50.78.164, 10.53.231.83, 35.174.37.8
190.229.111.67
190.2.112.16
181.168.250.254
10.50.149.33, 10.53.233.126, 54.210.74.253
10.50.91.215, 10.53.254.81, 35.174.37.8
190.183.140.211
200.127.192.34
10.16.176.247, 10.53.232.83, 54.210.74.253
3.84.152.188
3.89.160.194
186.141.199.120
201.179.117.177
24.232.133.182
186.12.28.156
10.50.80.16, 10.53.202.34, 35.174.37.8
186.23.183.142
190.225.20.93
45.181.46.20
186.148.84.244
181.239.76.29
181.44.129.1
181.231.85.196
181.9.132.240
10.50.182.185, 10.53.223.14, 35.174.37.8
160.238.206.38
170.51.136.117
10.50.95.254, 10.53.207.12, 54.210.74.253
181.13.79.34
186.138.175.162
45.169.53.195
181.80.79.225
10.50.10.3, 10.53.213.237, 35.172.59.120
186.141.202.97
181.91.57.239
181.23.140.251
190.183.193.21
181.230.64.176
186.141.136.30
45.236.102.75
170.51.153.71
170.51.180.25
181.28.91.4
181.44.186.67
181.230.70.151
181.44.116.51
10.50.182.185, 10.53.222.105, 54.210.74.253
10.50.223.49, 10.53.218.21, 54.210.74.253
54.224.178.129
190.246.138.207
10.50.223.49, 10.53.219.13, 35.174.37.8
181.170.187.222
10.50.208.156, 10.53.234.110, 35.172.59.120
190.183.247.146
10.50.185.114, 10.53.254.23, 54.210.74.253
186.143.197.81
181.231.67.17
181.13.66.110
10.16.179.10, 10.53.255.7, 35.172.59.120
181.117.224.91
200.41.238.226
10.16.177.174, 10.53.250.69, 35.172.59.120
10.50.208.156, 10.53.231.83, 35.172.59.120
10.50.149.33, 10.53.238.162, 18.214.34.95
186.58.234.191
190.190.111.145
201.253.149.155
10.50.95.254, 10.53.192.61, 35.174.37.8
181.13.76.215
10.50.160.58, 10.53.210.105, 35.174.37.8
10.16.176.165, 10.53.201.129, 18.214.34.95
190.122.154.39
181.168.196.53
190.178.39.204
200.117.54.87
186.12.4.184
201.159.8.17
190.183.9.216
181.9.133.99
200.112.187.49
179.38.6.55
181.99.104.209
186.111.148.162
186.12.68.146
181.46.161.142
186.12.68.231
186.141.200.228
186.123.142.149
186.136.172.2
201.255.55.99
190.192.124.83
186.58.54.131
170.51.92.153
181.99.102.247
177.54.151.198
10.50.149.33, 10.53.215.178, 18.214.34.95
179.0.229.174
186.143.197.67
186.12.48.241
181.92.181.130
186.59.228.198
190.247.214.30
186.141.197.216
181.9.124.48
181.46.136.21
179.43.100.73
170.83.221.2
181.29.249.35
10.50.157.24, 10.53.215.178, 35.174.37.8
138.122.229.88
181.15.177.231
181.13.77.72
181.117.236.15
190.11.138.176
181.10.236.113
152.169.66.113
190.183.22.35
181.44.116.8
10.50.182.185, 10.53.224.235, 35.174.37.8
186.12.20.207
190.226.147.21
181.118.244.223
200.59.134.130
186.19.171.150
181.9.170.67
181.46.162.71
181.46.141.175
152.170.48.229
181.29.0.17
181.5.250.254
190.19.196.116
186.141.232.66
186.141.229.175
181.168.136.248
181.16.122.173
181.44.187.39
190.92.111.174
181.44.148.173
186.12.61.60
186.18.170.49
190.190.198.127
190.122.147.29
181.46.81.129
201.212.150.118
186.18.175.40
181.9.173.253
190.19.206.11
190.55.150.63
181.167.216.240
10.50.95.254, 10.53.251.86, 18.214.34.95
201.231.183.242
186.19.248.43
186.12.44.92
181.13.75.182
10.16.177.60, 10.53.243.27, 35.172.59.120
190.123.105.32
191.85.54.24
181.90.25.10
186.23.248.26
186.12.0.81
186.137.175.165
152.170.27.128
45.236.83.244
181.25.140.93
181.92.160.230
177.54.151.199
190.18.12.251
191.83.31.244
186.59.125.205
186.143.201.249
181.44.116.6
201.158.127.241
181.165.112.245
10.50.60.127, 10.53.233.98, 35.174.37.8
10.50.182.185, 10.53.226.129, 18.214.34.95
190.216.69.118
181.170.51.143
10.50.160.58, 10.53.237.95, 35.172.59.120
186.143.201.90
181.171.145.228
181.44.130.215
186.138.61.86
190.17.152.171
190.107.184.39
138.117.22.85
190.16.100.191
168.181.177.65
177.54.151.197
190.189.26.237
200.3.219.103
186.143.199.69
186.137.160.169
168.0.186.146
10.50.160.253, 10.53.226.110, 35.172.59.120
54.175.148.249
190.108.216.17
201.253.9.192
10.50.254.137, 10.53.202.153, 54.210.74.253
186.12.56.243
152.168.41.149
190.48.124.80
181.44.119.115
160.238.206.36
186.18.165.101
186.143.133.161
186.143.201.125
190.244.146.110
181.13.66.244
190.1.20.68
201.220.183.65
181.9.121.250
181.228.126.155
181.9.181.144
10.16.177.60, 10.53.244.29, 54.210.74.253
186.12.40.108
190.18.114.76
186.139.238.190
201.255.191.67
181.209.7.227
190.183.23.86
170.51.132.7
10.50.182.185, 10.53.226.110, 35.172.59.120
181.46.164.100
190.190.2.158
10.50.149.33, 10.53.217.96, 35.174.37.8
200.117.99.187
10.50.10.3, 10.53.204.194, 18.214.34.95
152.170.78.117
152.168.173.241
190.114.165.210
181.14.132.7
181.46.161.18
186.12.82.30
152.170.120.10
186.23.13.57
181.110.20.148
190.30.63.216
181.164.14.18
181.25.146.192
181.46.140.192
190.172.253.189
186.58.176.151
200.127.120.103
10.50.224.66, 10.53.244.81, 18.214.34.95
181.164.116.3
35.153.83.2
181.117.145.150
190.193.151.156
200.16.89.245
186.137.200.145
186.111.148.148
10.50.25.175, 10.53.224.161, 54.210.74.253
181.231.11.20
181.46.161.100
190.17.194.170
45.171.133.73
45.178.52.26
186.143.161.79
10.50.16.118, 10.53.218.245, 18.214.34.95
186.141.199.128
10.50.182.185, 10.53.225.139, 54.210.74.253
200.50.252.245
190.17.184.70
190.2.122.92
181.114.36.87
181.45.20.183
190.105.87.207
181.99.53.177
201.235.80.56
181.44.60.222
190.191.26.236
186.123.84.132
190.221.222.103
190.55.125.146
181.170.166.101
181.229.209.192
186.0.137.230
181.15.100.247
186.61.69.27
181.110.65.238
10.50.95.254, 10.53.249.96, 35.174.37.8
170.78.195.10
181.228.83.88
181.118.77.156
181.97.226.43
181.9.120.218
152.168.229.138
181.13.79.120
10.50.49.185, 10.53.230.130, 18.214.34.95
186.141.133.70
10.50.95.254, 10.53.251.86, 54.210.74.253
170.51.128.25
181.14.128.83
10.50.160.253, 10.53.224.235, 35.174.37.8
181.229.170.223
10.50.224.66, 10.53.243.91, 35.172.59.120
10.50.224.66, 10.53.244.29, 35.172.59.120
10.50.115.175, 10.53.244.10, 18.214.34.95
10.50.115.175, 10.53.244.201, 18.214.34.95
181.80.56.123
10.50.115.175, 10.53.243.91, 18.214.34.95
10.50.149.33, 10.53.213.237, 18.214.34.95
10.50.149.33, 10.53.221.251, 35.172.59.120
200.127.111.218
186.182.44.100
186.12.104.240
10.16.177.60, 10.53.200.63, 35.174.37.8
190.192.70.6
190.225.241.200
10.50.95.254, 10.53.253.103, 35.172.59.120
10.50.95.254, 10.53.249.96, 18.214.34.95
181.230.78.75
10.50.25.175, 10.53.222.2, 54.210.74.253
186.143.136.95
10.50.222.188, 10.53.250.69, 54.210.74.253
152.169.221.98
10.50.157.24, 10.53.211.111, 35.172.59.120
190.172.158.113
181.45.73.243
200.70.23.188
10.50.95.254, 10.53.254.34, 18.214.34.95
186.12.32.155
45.178.2.57
168.196.25.196
10.16.177.174, 10.53.203.25, 35.172.59.120
10.50.114.86, 10.53.200.168, 35.174.37.8
10.50.10.3, 10.53.194.63, 35.172.59.120
181.95.24.120
186.143.202.65
170.51.128.6
201.213.70.149
186.22.251.127
186.141.137.211
186.139.221.214
201.212.245.226
186.182.172.148
45.180.63.32
200.127.238.114
190.16.12.246
181.46.161.229
10.50.60.127, 10.53.218.197, 54.210.74.253
190.242.41.48
181.231.2.246
200.61.242.68
181.16.124.2
45.161.183.236
10.50.93.239, 10.53.201.180, 18.214.34.95
54.237.224.70
170.51.84.162
190.122.147.28
181.44.184.104
186.141.137.17
152.171.45.195
190.17.44.42
181.29.199.61
10.50.95.254, 10.53.251.192, 35.172.59.120
200.41.224.208
18.212.169.114
10.50.95.254, 10.53.254.23, 35.172.59.120
190.104.234.84
3.90.38.145
190.178.167.245
138.117.22.94
190.221.93.53
168.227.96.236
152.169.161.220
18.207.94.69
10.50.182.185, 10.53.250.236, 54.210.74.253
161.22.26.38
10.50.95.254, 10.53.253.100, 35.172.59.120
190.172.159.132
181.13.75.105
186.143.161.86
186.12.60.54
186.19.119.119
186.153.226.202
186.19.164.129
190.2.108.141
181.44.26.165
170.81.228.226
181.13.73.119
45.226.10.85
181.46.141.86
10.16.176.247, 10.53.222.105, 35.174.37.8
186.12.104.156
181.3.210.233
181.111.52.123
10.50.119.113, 10.53.210.105, 35.174.37.8
190.124.56.191
186.19.245.123
186.18.13.0
186.137.2.129
170.246.20.153
181.21.22.78
191.85.95.184
186.141.202.55
186.18.161.96
179.40.16.253
181.228.247.229
181.44.185.107
181.45.172.116
190.195.228.236
186.138.251.168
181.12.158.102
200.61.41.27
200.91.35.250
181.46.143.6
186.12.49.85
186.143.165.245
181.30.89.35
52.87.12.156
138.122.129.139
131.108.80.194
190.194.74.178
190.31.155.18
152.171.10.123
190.179.109.221
186.12.60.107
181.166.139.188
10.50.95.254, 10.53.226.63, 18.214.34.95
186.12.72.170
170.51.140.95
10.50.182.185, 10.53.196.116, 54.210.74.253
181.90.64.61
201.180.219.128
190.195.196.23
10.50.10.3, 10.53.234.110, 35.172.59.120
186.141.202.118
181.13.67.151
200.117.94.68
190.245.242.58
181.44.119.178
181.9.181.79
181.170.106.136
200.61.240.14
201.235.187.154
186.136.178.183
190.172.168.2
177.54.151.219
190.19.73.17
201.176.31.96
190.3.34.15
152.169.197.138
190.244.204.151
131.72.242.233
190.177.97.203
186.183.50.185
190.183.202.220
181.44.131.86
190.114.155.217
179.36.170.48
181.117.216.207
200.81.153.105
190.193.212.116
186.141.197.21
186.12.73.177
191.83.110.209
200.63.65.217
128.201.236.56
190.114.164.228
201.250.247.159
186.18.203.85
3.91.55.245
168.196.226.111
181.46.136.236
177.54.151.220
200.59.228.234
181.46.136.51
177.54.151.222
181.13.71.116
190.105.222.26
181.13.71.193
186.12.81.167
181.10.37.75
190.244.74.76
10.50.119.113, 10.53.210.105, 18.214.34.95
201.235.172.146
181.46.123.154
10.16.177.174, 10.53.233.98, 35.174.37.8
186.141.201.4
200.50.254.212
181.1.251.247
179.28.47.147
186.12.74.98
201.213.160.80
190.192.35.254
10.50.10.3, 10.53.199.137, 35.172.59.120
10.16.177.174, 10.53.227.106, 18.214.34.95
186.141.134.96
201.190.156.201
186.12.56.239
186.111.175.126
186.23.30.113
45.178.1.40
100.24.242.35
186.111.175.125
186.143.198.135
200.59.235.47
10.16.176.247, 10.53.249.7, 35.174.37.8
181.46.138.35
186.141.231.67
190.50.45.160
181.12.186.122
181.1.223.49
181.46.141.24
181.9.139.243
190.104.73.202
201.255.43.85
10.50.119.113, 10.53.245.32, 18.214.34.95
181.16.19.246
181.25.72.181
181.44.186.47
181.167.65.77
190.210.81.129
181.47.205.204
186.12.52.255
181.80.213.27
190.107.223.195
10.16.179.10, 10.53.235.238, 18.214.34.95
10.50.119.113, 10.53.249.50, 54.210.74.253
190.195.91.253
181.10.26.52
138.94.13.28
170.233.28.119
10.50.208.156, 10.53.248.240, 54.210.74.253
190.19.67.155
152.171.199.114
181.9.176.50
186.141.134.138
170.81.230.232
179.36.220.113
181.44.188.199
181.46.136.169
200.7.176.3
181.9.156.217
181.46.137.3
190.191.237.212
181.44.116.19
181.28.192.17
190.97.120.95
186.59.243.162
181.16.191.3
10.16.177.60, 10.53.241.87, 35.174.37.8
200.124.184.6
186.12.32.68
181.25.180.45
190.192.147.219
186.12.20.108
186.18.195.205
190.17.94.172
10.50.60.127, 10.53.201.129, 35.174.37.8
190.137.208.32
190.231.44.172
190.211.199.252
191.97.96.41
181.44.130.99
181.44.60.100
186.137.232.81
181.16.121.77
191.102.27.249
190.190.105.205
181.229.178.86
190.124.128.234
190.17.230.115
181.165.87.135
181.80.25.26
186.111.148.163
10.16.177.60, 10.53.244.29, 35.174.37.8
181.44.119.176
181.28.203.157
181.209.101.130
10.50.223.49, 10.53.195.8, 35.172.59.120
200.125.78.118
10.16.177.60, 10.53.243.142, 54.210.74.253
190.191.67.205
10.50.149.33, 10.53.213.237, 35.172.59.120
170.51.153.39
186.18.106.1
186.143.138.196
181.46.143.107
10.50.182.185, 10.53.208.38, 35.172.59.120
186.23.178.42
190.18.79.151
10.50.170.89, 10.53.199.24, 18.214.34.95
10.50.10.3, 10.53.202.153, 18.214.34.95
181.9.166.22
190.178.58.199
181.9.130.165
181.99.115.185
186.182.180.8
200.61.35.231
181.9.183.4
186.12.78.73
186.111.148.187
181.44.130.9
186.141.136.89
10.50.95.254, 10.53.222.105, 54.210.74.253
170.84.129.188
181.46.169.205
181.46.136.194
186.141.201.253
168.194.234.61
10.50.222.188, 10.53.233.126, 18.214.34.95
10.16.179.10, 10.53.233.2, 54.210.74.253
181.170.166.71
10.50.160.58, 10.53.255.7, 18.214.34.95
186.177.209.220
190.105.56.38
200.1.7.252
181.228.165.214
186.141.202.108
190.183.176.74
181.165.66.222
181.9.125.229
181.165.105.170
10.50.10.3, 10.53.202.143, 35.172.59.120
186.12.28.63
190.179.55.243
45.236.101.77
190.194.234.38
179.40.45.11
181.164.53.115
186.141.168.195
181.28.250.91
181.46.140.209
181.164.98.33
186.143.164.104
186.134.55.184
186.12.77.186
190.55.44.246
186.143.200.10
168.196.24.97
186.0.173.205
186.137.161.195
181.46.160.36
10.50.242.171, 10.53.253.100, 18.214.34.95
10.50.160.58, 10.53.215.129, 54.210.74.253
186.61.229.2
10.50.25.175, 10.53.224.79, 35.172.59.120
181.174.149.1
190.191.94.100
190.182.130.3
10.50.182.185, 10.53.213.237, 18.214.34.95
181.171.120.33
186.23.183.195
181.44.55.157
181.167.187.237
186.143.163.204
186.19.200.22
152.171.197.85
10.16.177.174, 10.53.241.87, 35.174.37.8
186.111.155.251
10.50.78.164, 10.53.249.96, 54.210.74.253
181.13.75.195
181.21.236.59
10.50.182.185, 10.53.217.96, 54.210.74.253
186.12.96.91
186.141.199.169
186.12.40.164
186.18.128.112
181.117.232.12
201.212.49.202
186.141.133.98
181.13.69.53
190.55.192.177
181.84.73.56
170.51.184.29
186.111.175.9
181.10.193.94
10.50.6.128, 10.53.231.83, 18.214.34.95
201.231.94.225
200.59.108.152
186.128.12.69
190.17.186.70
181.9.138.189
170.81.230.239
186.23.167.7
181.209.82.242
10.50.6.128, 10.53.224.79, 18.214.34.95
10.16.176.165, 10.53.217.217, 35.174.37.8
181.45.38.83
186.18.154.143
201.255.231.220
186.19.131.188
186.182.187.71
201.219.102.22
10.50.157.24, 10.53.219.133, 18.214.34.95
201.213.242.126
181.46.139.64
181.117.228.129
186.143.134.234
186.143.164.76
181.13.75.16
10.16.176.247, 10.53.225.189, 54.210.74.253
10.50.160.58, 10.53.216.108, 35.174.37.8
10.50.60.127, 10.53.217.223, 54.210.74.253
201.216.223.207
186.122.124.157
186.12.8.42
10.50.114.86, 10.53.241.87, 35.172.59.120
10.50.49.185, 10.53.216.115, 35.174.37.8
10.50.242.171, 10.53.197.115, 35.172.59.120
186.136.109.97
24.232.246.195
138.121.84.1
181.13.74.203
190.48.116.199
181.168.119.57
201.212.243.154
186.23.1.77
168.228.142.150
181.168.239.180
181.167.30.204
152.231.53.21
181.105.109.121
186.143.162.209
10.50.119.113, 10.53.246.103, 54.210.74.253
181.9.124.188
186.12.159.193
200.71.225.188
10.16.177.60, 10.53.243.91, 18.214.34.95
152.231.48.186
186.18.222.177
18.232.153.120
190.15.82.224
10.50.182.185, 10.53.208.38, 18.214.34.95
181.46.143.69
10.50.160.253, 10.53.254.235, 18.214.34.95
66.128.32.2
186.137.38.227
181.44.119.30
190.244.35.227
181.44.131.239
186.143.138.20
186.12.86.30
186.12.12.26
10.50.182.185, 10.53.217.96, 35.172.59.120
